1,Juan,Perez,juan.perez@example.com
2,Ana,Gomez,ana.gomez@example.com
3,Carlos,Lopez,carlos.lopez@example.com
4,Maria,Garcia,maria.garcia@example.com
5,Pedro,Morales,pedro.morales@example.com
6,Luisa,Fernandez,luisa.fernandez@example.com
7,Jose,Sanchez,jose.sanchez@example.com
8,Claudia,Mendez,claudia.mendez@example.com
9,David,Rodriguez,david.rodriguez@example.com
10,Paula,Gutierrez,paula.gutierrez@example.com
11,Fernando,Ramirez,fernando.ramirez@example.com
12,Andrea,Hernandez,andrea.hernandez@example.com
13,Diego,Flores,diego.flores@example.com
14,Isabel,Castro,isabel.castro@example.com
15,Sebastian,Ortega,sebastian.ortega@example.com
16,Laura,Serrano,laura.serrano@example.com
17,Martin,Carrillo,martin.carrillo@example.com
18,Sofia,Diaz,sofia.diaz@example.com
19,Lucas,Blanco,lucas.blanco@example.com
20,Valeria,Silva,valeria.silva@example.com
21,Antonio,Rios,antonio.rios@example.com
22,Monica,Palacios,monica.palacios@example.com
23,Francisco,Dominguez,francisco.dominguez@example.com
24,Carolina,Marquez,carolina.marquez@example.com
25,Nicolas,Prieto,nicolas.prieto@example.com
26,Juliana,Perez,juliana.perez@example.com
27,Emilio,Garcia,emilio.garcia@example.com
28,Daniela,Molina,daniela.molina@example.com
29,Jorge,Ruiz,jorge.ruiz@example.com
30,Felipe,Vargas,felipe.vargas@example.com
31,Patricia,Reyes,patricia.reyes@example.com
32,Miguel,Bermudez,miguel.bermudez@example.com
33,Raquel,Suarez,raquel.suarez@example.com
34,Oscar,Paredes,oscar.paredes@example.com
35,Pilar,Moreno,pilar.moreno@example.com
36,Hugo,Guerrero,hugo.guerrero@example.com
37,Luz,Ramirez,luz.ramirez@example.com
38,Ivan,Alvarez,ivan.alvarez@example.com
39,Esteban,Guzman,esteban.guzman@example.com
40,Victoria,Espinoza,victoria.espinoza@example.com
41,Marcela,Vera,marcela.vera@example.com
42,Enrique,Fuentes,enrique.fuentes@example.com
43,Lorena,Pena,lorena.pena@example.com
44,Gonzalo,Marin,gonzalo.marin@example.com
45,Rosa,Quintero,rosa.quintero@example.com
46,Manuel,Lara,manuel.lara@example.com
47,Elena,Ortiz,elena.ortiz@example.com
48,Mariano,Ruiz,mariano.ruiz@example.com
49,Camila,Pacheco,camila.pacheco@example.com
50,Ricardo,Navarro,ricardo.navarro@example.com
52,Marcial,Trujillo,Mtrujillo@mgial.com
54,Esteban,Ceballo,esteban@gmail.com
